name,class
cifar10_img_0_frog.png,6
cifar10_img_1_truck.png,9
cifar10_img_2_truck.png,9
cifar10_img_3_deer.png,4
cifar10_img_4_automobile.png,1
cifar10_img_5_automobile.png,1
cifar10_img_6_bird.png,2
cifar10_img_7_horse.png,7
cifar10_img_8_ship.png,8
cifar10_img_9_cat.png,3
cifar10_img_10_deer.png,4
cifar10_img_11_horse.png,7
cifar10_img_12_horse.png,7
cifar10_img_13_bird.png,2
cifar10_img_14_truck.png,9
cifar10_img_15_truck.png,9
cifar10_img_16_truck.png,9
cifar10_img_17_cat.png,3
cifar10_img_18_bird.png,2
cifar10_img_19_frog.png,6
cifar10_img_20_deer.png,4
cifar10_img_21_cat.png,3
cifar10_img_22_frog.png,6
cifar10_img_23_frog.png,6
cifar10_img_24_bird.png,2
cifar10_img_25_frog.png,6
cifar10_img_26_cat.png,3
cifar10_img_27_dog.png,5
cifar10_img_28_deer.png,4
cifar10_img_29_airplane.png,0
